<?xml version='1.0' encoding='utf-8'?>
<!DOCTYPE hibernate-configuration PUBLIC
    "-//Hibernate/Hibernate Configuration DTD//EN"
    "http://www.hibernate.org/dtd/hibernate-configuration-3.0.dtd">
<hibernate-configuration>
  <session-factory>
    <property name="connection.url">jdbc:mysql://localhost:3306/new_schema</property>
    <property name="connection.driver_class">com.mysql.cj.jdbc.Driver</property>
    <property name="connection.username">root</property>
    <property name="connection.password">mysql33!</property>

    <property name="current_session_context_class">thread</property>
    <property name="dialect">org.hibernate.dialect.MySQLDialect</property>

    <!-- DB schema will be updated if needed -->
    <property name="hibernate.hbm2ddl.auto">update</property>
  </session-factory>
</hibernate-configuration>